{"$schema":"http://cyclonedx.org/schema/bom-1.6.schema.json","bomFormat":"CycloneDX","specVersion":"1.6","serialNumber":"urn:uuid:3d179215-41ab-4a1b-8e75-4382115a2071","version":1,"metadata":{"timestamp":"2025-10-23T05:30:01Z","tools":{"components":[{"type":"application","author":"anchore","name":"syft","version":"1.36.0"}]},"component":{"bom-ref":"af63bd4c8601b7f1","type":"file","name":"."}},"components":[{"bom-ref":"pkg:github/actions/checkout@v4?package-id=296aa67ff4764dd7","type":"library","name":"actions/checkout","version":"v4","cpe":"cpe:2.3:a:actions\\/checkout:actions\\/checkout:v4:*:*:*:*:*:*:*","purl":"pkg:github/actions/checkout@v4","properties":[{"name":"syft:package:foundBy","value":"github-actions-usage-cataloger"},{"name":"syft:package:type","value":"github-action"},{"name":"syft:package:metadataType","value":"github-actions-use-statement"},{"name":"syft:location:0:path","value":"/.github/workflows/ci-s09-sbom-sca.yml"}]},{"bom-ref":"pkg:github/actions/checkout@v4?package-id=8864b1dc476ad068","type":"library","name":"actions/checkout","version":"v4","cpe":"cpe:2.3:a:actions\\/checkout:actions\\/checkout:v4:*:*:*:*:*:*:*","purl":"pkg:github/actions/checkout@v4","properties":[{"name":"syft:package:foundBy","value":"github-actions-usage-cataloger"},{"name":"syft:package:type","value":"github-action"},{"name":"syft:package:metadataType","value":"github-actions-use-statement"},{"name":"syft:location:0:path","value":"/.github/workflows/ci-s10-sast-secrets.yml"}]},{"bom-ref":"pkg:github/actions/checkout@v4?package-id=6083def51afc7a32","type":"library","name":"actions/checkout","version":"v4","cpe":"cpe:2.3:a:actions\\/checkout:actions\\/checkout:v4:*:*:*:*:*:*:*","purl":"pkg:github/actions/checkout@v4","properties":[{"name":"syft:package:foundBy","value":"github-actions-usage-cataloger"},{"name":"syft:package:type","value":"github-action"},{"name":"syft:package:metadataType","value":"github-actions-use-statement"},{"name":"syft:location:0:path","value":"/.github/workflows/ci-s11-dast.yml"}]},{"bom-ref":"pkg:github/actions/checkout@v4?package-id=e57ff45e75063151","type":"library","name":"actions/checkout","version":"v4","cpe":"cpe:2.3:a:actions\\/checkout:actions\\/checkout:v4:*:*:*:*:*:*:*","purl":"pkg:github/actions/checkout@v4","properties":[{"name":"syft:package:foundBy","value":"github-actions-usage-cataloger"},{"name":"syft:package:type","value":"github-action"},{"name":"syft:package:metadataType","value":"github-actions-use-statement"},{"name":"syft:location:0:path","value":"/.github/workflows/ci-s12-iac-container.yml"}]},{"bom-ref":"pkg:github/actions/setup-python@v5?package-id=97b9b1cea3c847d0","type":"library","name":"actions/setup-python","version":"v5","cpe":"cpe:2.3:a:actions\\/setup-python:actions\\/setup-python:v5:*:*:*:*:*:*:*","purl":"pkg:github/actions/setup-python@v5","properties":[{"name":"syft:package:foundBy","value":"github-actions-usage-cataloger"},{"name":"syft:package:type","value":"github-action"},{"name":"syft:package:metadataType","value":"github-actions-use-statement"},{"name":"syft:cpe23","value":"cpe:2.3:a:actions\\/setup-python:actions\\/setup_python:v5:*:*:*:*:*:*:*"},{"name":"syft:cpe23","value":"cpe:2.3:a:actions\\/setup_python:actions\\/setup-python:v5:*:*:*:*:*:*:*"},{"name":"syft:cpe23","value":"cpe:2.3:a:actions\\/setup_python:actions\\/setup_python:v5:*:*:*:*:*:*:*"},{"name":"syft:cpe23","value":"cpe:2.3:a:actions\\/setup:actions\\/setup-python:v5:*:*:*:*:*:*:*"},{"name":"syft:cpe23","value":"cpe:2.3:a:actions\\/setup:actions\\/setup_python:v5:*:*:*:*:*:*:*"},{"name":"syft:location:0:path","value":"/.github/workflows/ci-s11-dast.yml"}]},{"bom-ref":"pkg:github/actions/upload-artifact@v4?package-id=27ef2ed6cd2d25f9","type":"library","name":"actions/upload-artifact","version":"v4","cpe":"cpe:2.3:a:actions\\/upload-artifact:actions\\/upload-artifact:v4:*:*:*:*:*:*:*","purl":"pkg:github/actions/upload-artifact@v4","properties":[{"name":"syft:package:foundBy","value":"github-actions-usage-cataloger"},{"name":"syft:package:type","value":"github-action"},{"name":"syft:package:metadataType","value":"github-actions-use-statement"},{"name":"syft:cpe23","value":"cpe:2.3:a:actions\\/upload-artifact:actions\\/upload_artifact:v4:*:*:*:*:*:*:*"},{"name":"syft:cpe23","value":"cpe:2.3:a:actions\\/upload_artifact:actions\\/upload-artifact:v4:*:*:*:*:*:*:*"},{"name":"syft:cpe23","value":"cpe:2.3:a:actions\\/upload_artifact:actions\\/upload_artifact:v4:*:*:*:*:*:*:*"},{"name":"syft:cpe23","value":"cpe:2.3:a:actions\\/upload:actions\\/upload-artifact:v4:*:*:*:*:*:*:*"},{"name":"syft:cpe23","value":"cpe:2.3:a:actions\\/upload:actions\\/upload_artifact:v4:*:*:*:*:*:*:*"},{"name":"syft:location:0:path","value":"/.github/workflows/ci-s09-sbom-sca.yml"}]},{"bom-ref":"pkg:github/actions/upload-artifact@v4?package-id=1596707f2d80ca0c","type":"library","name":"actions/upload-artifact","version":"v4","cpe":"cpe:2.3:a:actions\\/upload-artifact:actions\\/upload-artifact:v4:*:*:*:*:*:*:*","purl":"pkg:github/actions/upload-artifact@v4","properties":[{"name":"syft:package:foundBy","value":"github-actions-usage-cataloger"},{"name":"syft:package:type","value":"github-action"},{"name":"syft:package:metadataType","value":"github-actions-use-statement"},{"name":"syft:cpe23","value":"cpe:2.3:a:actions\\/upload-artifact:actions\\/upload_artifact:v4:*:*:*:*:*:*:*"},{"name":"syft:cpe23","value":"cpe:2.3:a:actions\\/upload_artifact:actions\\/upload-artifact:v4:*:*:*:*:*:*:*"},{"name":"syft:cpe23","value":"cpe:2.3:a:actions\\/upload_artifact:actions\\/upload_artifact:v4:*:*:*:*:*:*:*"},{"name":"syft:cpe23","value":"cpe:2.3:a:actions\\/upload:actions\\/upload-artifact:v4:*:*:*:*:*:*:*"},{"name":"syft:cpe23","value":"cpe:2.3:a:actions\\/upload:actions\\/upload_artifact:v4:*:*:*:*:*:*:*"},{"name":"syft:location:0:path","value":"/.github/workflows/ci-s10-sast-secrets.yml"}]},{"bom-ref":"pkg:github/actions/upload-artifact@v4?package-id=290ee59deb0d05f4","type":"library","name":"actions/upload-artifact","version":"v4","cpe":"cpe:2.3:a:actions\\/upload-artifact:actions\\/upload-artifact:v4:*:*:*:*:*:*:*","purl":"pkg:github/actions/upload-artifact@v4","properties":[{"name":"syft:package:foundBy","value":"github-actions-usage-cataloger"},{"name":"syft:package:type","value":"github-action"},{"name":"syft:package:metadataType","value":"github-actions-use-statement"},{"name":"syft:cpe23","value":"cpe:2.3:a:actions\\/upload-artifact:actions\\/upload_artifact:v4:*:*:*:*:*:*:*"},{"name":"syft:cpe23","value":"cpe:2.3:a:actions\\/upload_artifact:actions\\/upload-artifact:v4:*:*:*:*:*:*:*"},{"name":"syft:cpe23","value":"cpe:2.3:a:actions\\/upload_artifact:actions\\/upload_artifact:v4:*:*:*:*:*:*:*"},{"name":"syft:cpe23","value":"cpe:2.3:a:actions\\/upload:actions\\/upload-artifact:v4:*:*:*:*:*:*:*"},{"name":"syft:cpe23","value":"cpe:2.3:a:actions\\/upload:actions\\/upload_artifact:v4:*:*:*:*:*:*:*"},{"name":"syft:location:0:path","value":"/.github/workflows/ci-s11-dast.yml"}]},{"bom-ref":"pkg:github/actions/upload-artifact@v4?package-id=70369db26cac902f","type":"library","name":"actions/upload-artifact","version":"v4","cpe":"cpe:2.3:a:actions\\/upload-artifact:actions\\/upload-artifact:v4:*:*:*:*:*:*:*","purl":"pkg:github/actions/upload-artifact@v4","properties":[{"name":"syft:package:foundBy","value":"github-actions-usage-cataloger"},{"name":"syft:package:type","value":"github-action"},{"name":"syft:package:metadataType","value":"github-actions-use-statement"},{"name":"syft:cpe23","value":"cpe:2.3:a:actions\\/upload-artifact:actions\\/upload_artifact:v4:*:*:*:*:*:*:*"},{"name":"syft:cpe23","value":"cpe:2.3:a:actions\\/upload_artifact:actions\\/upload-artifact:v4:*:*:*:*:*:*:*"},{"name":"syft:cpe23","value":"cpe:2.3:a:actions\\/upload_artifact:actions\\/upload_artifact:v4:*:*:*:*:*:*:*"},{"name":"syft:cpe23","value":"cpe:2.3:a:actions\\/upload:actions\\/upload-artifact:v4:*:*:*:*:*:*:*"},{"name":"syft:cpe23","value":"cpe:2.3:a:actions\\/upload:actions\\/upload_artifact:v4:*:*:*:*:*:*:*"},{"name":"syft:location:0:path","value":"/.github/workflows/ci-s12-iac-container.yml"}]},{"bom-ref":"pkg:pypi/fastapi@0.111.0?package-id=9dd0c64a34ca733c","type":"library","name":"fastapi","version":"0.111.0","cpe":"cpe:2.3:a:python-fastapi:python-fastapi:0.111.0:*:*:*:*:*:*:*","purl":"pkg:pypi/fastapi@0.111.0","properties":[{"name":"syft:package:foundBy","value":"python-package-cataloger"},{"name":"syft:package:language","value":"python"},{"name":"syft:package:type","value":"python"},{"name":"syft:package:metadataType","value":"python-pip-requirements-entry"},{"name":"syft:cpe23","value":"cpe:2.3:a:python-fastapi:python_fastapi:0.111.0:*:*:*:*:*:*:*"},{"name":"syft:cpe23","value":"cpe:2.3:a:python_fastapi:python-fastapi:0.111.0:*:*:*:*:*:*:*"},{"name":"syft:cpe23","value":"cpe:2.3:a:python_fastapi:python_fastapi:0.111.0:*:*:*:*:*:*:*"},{"name":"syft:cpe23","value":"cpe:2.3:a:fastapi:python-fastapi:0.111.0:*:*:*:*:*:*:*"},{"name":"syft:cpe23","value":"cpe:2.3:a:fastapi:python_fastapi:0.111.0:*:*:*:*:*:*:*"},{"name":"syft:cpe23","value":"cpe:2.3:a:python-fastapi:fastapi:0.111.0:*:*:*:*:*:*:*"},{"name":"syft:cpe23","value":"cpe:2.3:a:python_fastapi:fastapi:0.111.0:*:*:*:*:*:*:*"},{"name":"syft:cpe23","value":"cpe:2.3:a:python:python-fastapi:0.111.0:*:*:*:*:*:*:*"},{"name":"syft:cpe23","value":"cpe:2.3:a:python:python_fastapi:0.111.0:*:*:*:*:*:*:*"},{"name":"syft:cpe23","value":"cpe:2.3:a:fastapi:fastapi:0.111.0:*:*:*:*:*:*:*"},{"name":"syft:cpe23","value":"cpe:2.3:a:python:fastapi:0.111.0:*:*:*:*:*:*:*"},{"name":"syft:location:0:path","value":"/requirements.txt"}]},{"bom-ref":"pkg:pypi/jinja2@3.1.4?package-id=19d2c44795992b8d","type":"library","name":"jinja2","version":"3.1.4","cpe":"cpe:2.3:a:python-jinja2:python-jinja2:3.1.4:*:*:*:*:*:*:*","purl":"pkg:pypi/jinja2@3.1.4","properties":[{"name":"syft:package:foundBy","value":"python-package-cataloger"},{"name":"syft:package:language","value":"python"},{"name":"syft:package:type","value":"python"},{"name":"syft:package:metadataType","value":"python-pip-requirements-entry"},{"name":"syft:cpe23","value":"cpe:2.3:a:python-jinja2:python_jinja2:3.1.4:*:*:*:*:*:*:*"},{"name":"syft:cpe23","value":"cpe:2.3:a:python_jinja2:python-jinja2:3.1.4:*:*:*:*:*:*:*"},{"name":"syft:cpe23","value":"cpe:2.3:a:python_jinja2:python_jinja2:3.1.4:*:*:*:*:*:*:*"},{"name":"syft:cpe23","value":"cpe:2.3:a:jinja2:python-jinja2:3.1.4:*:*:*:*:*:*:*"},{"name":"syft:cpe23","value":"cpe:2.3:a:jinja2:python_jinja2:3.1.4:*:*:*:*:*:*:*"},{"name":"syft:cpe23","value":"cpe:2.3:a:python-jinja2:jinja2:3.1.4:*:*:*:*:*:*:*"},{"name":"syft:cpe23","value":"cpe:2.3:a:python:python-jinja2:3.1.4:*:*:*:*:*:*:*"},{"name":"syft:cpe23","value":"cpe:2.3:a:python:python_jinja2:3.1.4:*:*:*:*:*:*:*"},{"name":"syft:cpe23","value":"cpe:2.3:a:python_jinja2:jinja2:3.1.4:*:*:*:*:*:*:*"},{"name":"syft:cpe23","value":"cpe:2.3:a:jinja2:jinja2:3.1.4:*:*:*:*:*:*:*"},{"name":"syft:cpe23","value":"cpe:2.3:a:python:jinja2:3.1.4:*:*:*:*:*:*:*"},{"name":"syft:location:0:path","value":"/requirements.txt"}]},{"bom-ref":"pkg:pypi/uvicorn@0.30.0?package-id=7f33a00934d8b97a","type":"library","name":"uvicorn","version":"0.30.0","cpe":"cpe:2.3:a:python-uvicorn:python-uvicorn:0.30.0:*:*:*:*:*:*:*","purl":"pkg:pypi/uvicorn@0.30.0","properties":[{"name":"syft:package:foundBy","value":"python-package-cataloger"},{"name":"syft:package:language","value":"python"},{"name":"syft:package:type","value":"python"},{"name":"syft:package:metadataType","value":"python-pip-requirements-entry"},{"name":"syft:cpe23","value":"cpe:2.3:a:python-uvicorn:python_uvicorn:0.30.0:*:*:*:*:*:*:*"},{"name":"syft:cpe23","value":"cpe:2.3:a:python_uvicorn:python-uvicorn:0.30.0:*:*:*:*:*:*:*"},{"name":"syft:cpe23","value":"cpe:2.3:a:python_uvicorn:python_uvicorn:0.30.0:*:*:*:*:*:*:*"},{"name":"syft:cpe23","value":"cpe:2.3:a:python-uvicorn:uvicorn:0.30.0:*:*:*:*:*:*:*"},{"name":"syft:cpe23","value":"cpe:2.3:a:python_uvicorn:uvicorn:0.30.0:*:*:*:*:*:*:*"},{"name":"syft:cpe23","value":"cpe:2.3:a:uvicorn:python-uvicorn:0.30.0:*:*:*:*:*:*:*"},{"name":"syft:cpe23","value":"cpe:2.3:a:uvicorn:python_uvicorn:0.30.0:*:*:*:*:*:*:*"},{"name":"syft:cpe23","value":"cpe:2.3:a:python:python-uvicorn:0.30.0:*:*:*:*:*:*:*"},{"name":"syft:cpe23","value":"cpe:2.3:a:python:python_uvicorn:0.30.0:*:*:*:*:*:*:*"},{"name":"syft:cpe23","value":"cpe:2.3:a:uvicorn:uvicorn:0.30.0:*:*:*:*:*:*:*"},{"name":"syft:cpe23","value":"cpe:2.3:a:python:uvicorn:0.30.0:*:*:*:*:*:*:*"},{"name":"syft:location:0:path","value":"/requirements.txt"}]},{"bom-ref":"c7e8e5fb89aadeda","type":"file","name":"/work/.github/workflows/ci-s09-sbom-sca.yml","hashes":[{"alg":"SHA-1","content":"c119ee7e50044d176f1519f2df82f5c020bf15f6"},{"alg":"SHA-256","content":"8736c01d854cf122decc1569cd0343bfe5314c3dc5dcbda162464b16b3b08bb5"}]},{"bom-ref":"74b727a841eb52bc","type":"file","name":"/work/.github/workflows/ci-s10-sast-secrets.yml","hashes":[{"alg":"SHA-1","content":"a806b29a740fd7bbb880bb68b756d6c5f0def1ab"},{"alg":"SHA-256","content":"78c9de5e34de640d1b477cb4e099a98817bfa188b409a672b1419b81b63a5947"}]},{"bom-ref":"44278b55e9a18bb0","type":"file","name":"/work/.github/workflows/ci-s11-dast.yml","hashes":[{"alg":"SHA-1","content":"023f57082379be00ddc40964e85a260ce75370ad"},{"alg":"SHA-256","content":"c808f062a02a2df30f1c63a271762cd971fcf9ce2244b1a4e6318be230774b5d"}]},{"bom-ref":"09769c5e155e4589","type":"file","name":"/work/.github/workflows/ci-s12-iac-container.yml","hashes":[{"alg":"SHA-1","content":"f0466bedc94a9c66559bba8e81bf292bdcc2c1e9"},{"alg":"SHA-256","content":"309bef4dd465f7cedfc700d8f52fa05fc7e78df64ca062e2e25317e5be371217"}]},{"bom-ref":"26ca2b7dc025d550","type":"file","name":"/work/requirements.txt","hashes":[{"alg":"SHA-1","content":"631ae373bbb34f7b6c4144cdc23c189c70485101"},{"alg":"SHA-256","content":"7750887418e9abf90c8ec99e1c24fe1a029e0272871b22ceabf0f85704c38aa6"}]}]}
