{"matches":[{"vulnerability":{"id":"GHSA-q2x7-8rv6-6q7h","dataSource":"https://github.com/advisories/GHSA-q2x7-8rv6-6q7h","namespace":"github:language:python","severity":"Medium","urls":[],"description":"Jinja has a sandbox breakout through indirect reference to format method","cvss":[{"type":"Secondary","version":"3.1","vector":"CVSS:3.1/AV:L/AC:L/PR:L/UI:N/S:U/C:H/I:H/A:H","metrics":{"baseScore":7.8,"exploitabilityScore":1.9,"impactScore":5.9},"vendorMetadata":{}}],"epss":[{"cve":"CVE-2024-56326","epss":0.00116,"percentile":0.30997,"date":"2025-10-21"}],"cwes":[{"cve":"CVE-2024-56326","cwe":"CWE-693","source":"security-advisories@github.com","type":"Secondary"},{"cve":"CVE-2024-56326","cwe":"CWE-1336","source":"security-advisories@github.com","type":"Secondary"}],"fix":{"versions":["3.1.5"],"state":"fixed","available":[{"version":"3.1.5","date":"2024-12-24","kind":"first-observed"}]},"advisories":[],"risk":0.07424},"relatedVulnerabilities":[{"id":"CVE-2024-56326","dataSource":"https://nvd.nist.gov/vuln/detail/CVE-2024-56326","namespace":"nvd:cpe","severity":"Medium","urls":["https://github.com/pallets/jinja/commit/48b0687e05a5466a91cd5812d604fa37ad0943b4","https://github.com/pallets/jinja/releases/tag/3.1.5","https://github.com/pallets/jinja/security/advisories/GHSA-q2x7-8rv6-6q7h"],"description":"Jinja is an extensible templating engine. Prior to 3.1.5, An oversight in how the Jinja sandboxed environment detects calls to str.format allows an attacker that controls the content of a template to execute arbitrary Python code. To exploit the vulnerability, an attacker needs to control the content of a template. Whether that is the case depends on the type of application using Jinja. This vulnerability impacts users of applications which execute untrusted templates. Jinja's sandbox does catch calls to str.format and ensures they don't escape the sandbox. However, it's possible to store a reference to a malicious string's format method, then pass that to a filter that calls it. No such filters are built-in to Jinja, but could be present through custom filters in an application. After the fix, such indirect calls are also handled by the sandbox. This vulnerability is fixed in 3.1.5.","cvss":[{"source":"security-advisories@github.com","type":"Secondary","version":"4.0","vector":"CVSS:4.0/AV:L/AC:L/AT:P/PR:L/UI:P/VC:H/VI:H/VA:H/SC:N/SI:N/SA:N/E:X/CR:X/IR:X/AR:X/MAV:X/MAC:X/MAT:X/MPR:X/MUI:X/MVC:X/MVI:X/MVA:X/MSC:X/MSI:X/MSA:X/S:X/AU:X/R:X/V:X/RE:X/U:X","metrics":{"baseScore":5.4},"vendorMetadata":{}},{"source":"134c704f-9b21-4f2e-91b3-4a467353bcc0","type":"Secondary","version":"3.1","vector":"CVSS:3.1/AV:L/AC:L/PR:L/UI:N/S:U/C:H/I:H/A:H","metrics":{"baseScore":7.8,"exploitabilityScore":1.9,"impactScore":5.9},"vendorMetadata":{}}],"epss":[{"cve":"CVE-2024-56326","epss":0.00116,"percentile":0.30997,"date":"2025-10-21"}],"cwes":[{"cve":"CVE-2024-56326","cwe":"CWE-693","source":"security-advisories@github.com","type":"Secondary"},{"cve":"CVE-2024-56326","cwe":"CWE-1336","source":"security-advisories@github.com","type":"Secondary"}]}],"matchDetails":[{"type":"exact-direct-match","matcher":"python-matcher","searchedBy":{"language":"python","namespace":"github:language:python","package":{"name":"jinja2","version":"3.1.4"}},"found":{"vulnerabilityID":"GHSA-q2x7-8rv6-6q7h","versionConstraint":"<=3.1.4 (python)"},"fix":{"suggestedVersion":"3.1.5"}}],"artifact":{"id":"pkg:pypi/jinja2@3.1.4?package-id=19d2c44795992b8d","name":"jinja2","version":"3.1.4","type":"python","locations":[{"path":"/requirements.txt","accessPath":""}],"language":"python","licenses":[],"cpes":["cpe:2.3:a:python-jinja2:python-jinja2:3.1.4:*:*:*:*:*:*:*","cpe:2.3:a:python-jinja2:python_jinja2:3.1.4:*:*:*:*:*:*:*","cpe:2.3:a:python_jinja2:python-jinja2:3.1.4:*:*:*:*:*:*:*","cpe:2.3:a:python_jinja2:python_jinja2:3.1.4:*:*:*:*:*:*:*","cpe:2.3:a:jinja2:python-jinja2:3.1.4:*:*:*:*:*:*:*","cpe:2.3:a:jinja2:python_jinja2:3.1.4:*:*:*:*:*:*:*","cpe:2.3:a:python-jinja2:jinja2:3.1.4:*:*:*:*:*:*:*","cpe:2.3:a:python:python-jinja2:3.1.4:*:*:*:*:*:*:*","cpe:2.3:a:python:python_jinja2:3.1.4:*:*:*:*:*:*:*","cpe:2.3:a:python_jinja2:jinja2:3.1.4:*:*:*:*:*:*:*","cpe:2.3:a:jinja2:jinja2:3.1.4:*:*:*:*:*:*:*","cpe:2.3:a:python:jinja2:3.1.4:*:*:*:*:*:*:*"],"purl":"pkg:pypi/jinja2@3.1.4","upstreams":[]}},{"vulnerability":{"id":"GHSA-cpwx-vrp4-4pq7","dataSource":"https://github.com/advisories/GHSA-cpwx-vrp4-4pq7","namespace":"github:language:python","severity":"Medium","urls":[],"description":"Jinja2 vulnerable to sandbox breakout through attr filter selecting format method","cvss":[],"epss":[{"cve":"CVE-2025-27516","epss":0.00138,"percentile":0.34447,"date":"2025-10-21"}],"cwes":[{"cve":"CVE-2025-27516","cwe":"CWE-1336","source":"security-advisories@github.com","type":"Secondary"}],"fix":{"versions":["3.1.6"],"state":"fixed","available":[{"version":"3.1.6","date":"2025-03-06","kind":"first-observed"}]},"advisories":[],"risk":0.06899999999999999},"relatedVulnerabilities":[{"id":"CVE-2025-27516","dataSource":"https://nvd.nist.gov/vuln/detail/CVE-2025-27516","namespace":"nvd:cpe","severity":"High","urls":["https://github.com/pallets/jinja/commit/90457bbf33b8662926ae65cdde4c4c32e756e403","https://github.com/pallets/jinja/security/advisories/GHSA-cpwx-vrp4-4pq7","https://lists.debian.org/debian-lts-announce/2025/04/msg00045.html"],"description":"Jinja is an extensible templating engine. Prior to 3.1.6, an oversight in how the Jinja sandboxed environment interacts with the |attr filter allows an attacker that controls the content of a template to execute arbitrary Python code. To exploit the vulnerability, an attacker needs to control the content of a template. Whether that is the case depends on the type of application using Jinja. This vulnerability impacts users of applications which execute untrusted templates. Jinja's sandbox does catch calls to str.format and ensures they don't escape the sandbox. However, it's possible to use the |attr filter to get a reference to a string's plain format method, bypassing the sandbox. After the fix, the |attr filter no longer bypasses the environment's attribute lookup. This vulnerability is fixed in 3.1.6.","cvss":[{"source":"nvd@nist.gov","type":"Primary","version":"3.1","vector":"CVSS:3.1/AV:L/AC:L/PR:L/UI:N/S:C/C:H/I:H/A:H","metrics":{"baseScore":8.8,"exploitabilityScore":2.1,"impactScore":6.1},"vendorMetadata":{}},{"source":"security-advisories@github.com","type":"Secondary","version":"4.0","vector":"CVSS:4.0/AV:L/AC:L/AT:P/PR:L/UI:P/VC:H/VI:H/VA:H/SC:N/SI:N/SA:N/E:X/CR:X/IR:X/AR:X/MAV:X/MAC:X/MAT:X/MPR:X/MUI:X/MVC:X/MVI:X/MVA:X/MSC:X/MSI:X/MSA:X/S:X/AU:X/R:X/V:X/RE:X/U:X","metrics":{"baseScore":5.4},"vendorMetadata":{}}],"epss":[{"cve":"CVE-2025-27516","epss":0.00138,"percentile":0.34447,"date":"2025-10-21"}],"cwes":[{"cve":"CVE-2025-27516","cwe":"CWE-1336","source":"security-advisories@github.com","type":"Secondary"}]}],"matchDetails":[{"type":"exact-direct-match","matcher":"python-matcher","searchedBy":{"language":"python","namespace":"github:language:python","package":{"name":"jinja2","version":"3.1.4"}},"found":{"vulnerabilityID":"GHSA-cpwx-vrp4-4pq7","versionConstraint":"<=3.1.5 (python)"},"fix":{"suggestedVersion":"3.1.6"}}],"artifact":{"id":"pkg:pypi/jinja2@3.1.4?package-id=19d2c44795992b8d","name":"jinja2","version":"3.1.4","type":"python","locations":[{"path":"/requirements.txt","accessPath":""}],"language":"python","licenses":[],"cpes":["cpe:2.3:a:python-jinja2:python-jinja2:3.1.4:*:*:*:*:*:*:*","cpe:2.3:a:python-jinja2:python_jinja2:3.1.4:*:*:*:*:*:*:*","cpe:2.3:a:python_jinja2:python-jinja2:3.1.4:*:*:*:*:*:*:*","cpe:2.3:a:python_jinja2:python_jinja2:3.1.4:*:*:*:*:*:*:*","cpe:2.3:a:jinja2:python-jinja2:3.1.4:*:*:*:*:*:*:*","cpe:2.3:a:jinja2:python_jinja2:3.1.4:*:*:*:*:*:*:*","cpe:2.3:a:python-jinja2:jinja2:3.1.4:*:*:*:*:*:*:*","cpe:2.3:a:python:python-jinja2:3.1.4:*:*:*:*:*:*:*","cpe:2.3:a:python:python_jinja2:3.1.4:*:*:*:*:*:*:*","cpe:2.3:a:python_jinja2:jinja2:3.1.4:*:*:*:*:*:*:*","cpe:2.3:a:jinja2:jinja2:3.1.4:*:*:*:*:*:*:*","cpe:2.3:a:python:jinja2:3.1.4:*:*:*:*:*:*:*"],"purl":"pkg:pypi/jinja2@3.1.4","upstreams":[]}},{"vulnerability":{"id":"GHSA-gmj6-6f8f-6699","dataSource":"https://github.com/advisories/GHSA-gmj6-6f8f-6699","namespace":"github:language:python","severity":"Medium","urls":[],"description":"Jinja has a sandbox breakout through malicious filenames","cvss":[{"type":"Secondary","version":"3.1","vector":"CVSS:3.1/AV:N/AC:L/PR:L/UI:N/S:U/C:H/I:H/A:H","metrics":{"baseScore":8.8,"exploitabilityScore":2.9,"impactScore":5.9},"vendorMetadata":{}}],"epss":[{"cve":"CVE-2024-56201","epss":0.00031,"percentile":0.07883,"date":"2025-10-21"}],"cwes":[{"cve":"CVE-2024-56201","cwe":"CWE-150","source":"security-advisories@github.com","type":"Secondary"}],"fix":{"versions":["3.1.5"],"state":"fixed","available":[{"version":"3.1.5","date":"2024-12-24","kind":"first-observed"}]},"advisories":[],"risk":0.021390000000000003},"relatedVulnerabilities":[{"id":"CVE-2024-56201","dataSource":"https://nvd.nist.gov/vuln/detail/CVE-2024-56201","namespace":"nvd:cpe","severity":"High","urls":["https://github.com/pallets/jinja/commit/767b23617628419ae3709ccfb02f9602ae9fe51f","https://github.com/pallets/jinja/issues/1792","https://github.com/pallets/jinja/releases/tag/3.1.5","https://github.com/pallets/jinja/security/advisories/GHSA-gmj6-6f8f-6699"],"description":"Jinja is an extensible templating engine. In versions on the 3.x branch prior to 3.1.5, a bug in the Jinja compiler allows an attacker that controls both the content and filename of a template to execute arbitrary Python code, regardless of if Jinja's sandbox is used. To exploit the vulnerability, an attacker needs to control both the filename and the contents of a template. Whether that is the case depends on the type of application using Jinja. This vulnerability impacts users of applications which execute untrusted templates where the template author can also choose the template filename. This vulnerability is fixed in 3.1.5.","cvss":[{"source":"nvd@nist.gov","type":"Primary","version":"3.1","vector":"CVSS:3.1/AV:L/AC:L/PR:L/UI:N/S:C/C:H/I:H/A:H","metrics":{"baseScore":8.8,"exploitabilityScore":2.1,"impactScore":6.1},"vendorMetadata":{}},{"source":"security-advisories@github.com","type":"Secondary","version":"4.0","vector":"CVSS:4.0/AV:L/AC:L/AT:P/PR:L/UI:P/VC:H/VI:H/VA:H/SC:N/SI:N/SA:N/E:X/CR:X/IR:X/AR:X/MAV:X/MAC:X/MAT:X/MPR:X/MUI:X/MVC:X/MVI:X/MVA:X/MSC:X/MSI:X/MSA:X/S:X/AU:X/R:X/V:X/RE:X/U:X","metrics":{"baseScore":5.4},"vendorMetadata":{}}],"epss":[{"cve":"CVE-2024-56201","epss":0.00031,"percentile":0.07883,"date":"2025-10-21"}],"cwes":[{"cve":"CVE-2024-56201","cwe":"CWE-150","source":"security-advisories@github.com","type":"Secondary"}]}],"matchDetails":[{"type":"exact-direct-match","matcher":"python-matcher","searchedBy":{"language":"python","namespace":"github:language:python","package":{"name":"jinja2","version":"3.1.4"}},"found":{"vulnerabilityID":"GHSA-gmj6-6f8f-6699","versionConstraint":">=3.0.0,<=3.1.4 (python)"},"fix":{"suggestedVersion":"3.1.5"}}],"artifact":{"id":"pkg:pypi/jinja2@3.1.4?package-id=19d2c44795992b8d","name":"jinja2","version":"3.1.4","type":"python","locations":[{"path":"/requirements.txt","accessPath":""}],"language":"python","licenses":[],"cpes":["cpe:2.3:a:python-jinja2:python-jinja2:3.1.4:*:*:*:*:*:*:*","cpe:2.3:a:python-jinja2:python_jinja2:3.1.4:*:*:*:*:*:*:*","cpe:2.3:a:python_jinja2:python-jinja2:3.1.4:*:*:*:*:*:*:*","cpe:2.3:a:python_jinja2:python_jinja2:3.1.4:*:*:*:*:*:*:*","cpe:2.3:a:jinja2:python-jinja2:3.1.4:*:*:*:*:*:*:*","cpe:2.3:a:jinja2:python_jinja2:3.1.4:*:*:*:*:*:*:*","cpe:2.3:a:python-jinja2:jinja2:3.1.4:*:*:*:*:*:*:*","cpe:2.3:a:python:python-jinja2:3.1.4:*:*:*:*:*:*:*","cpe:2.3:a:python:python_jinja2:3.1.4:*:*:*:*:*:*:*","cpe:2.3:a:python_jinja2:jinja2:3.1.4:*:*:*:*:*:*:*","cpe:2.3:a:jinja2:jinja2:3.1.4:*:*:*:*:*:*:*","cpe:2.3:a:python:jinja2:3.1.4:*:*:*:*:*:*:*"],"purl":"pkg:pypi/jinja2@3.1.4","upstreams":[]}}],"source":{"type":"file","target":"."},"distro":{"name":"","version":"","idLike":null},"descriptor":{"name":"grype","version":"0.101.1","configuration":{"output":["json"],"file":"","pretty":false,"distro":"","add-cpes-if-none":false,"output-template-file":"","check-for-app-update":true,"only-fixed":false,"only-notfixed":false,"ignore-wontfix":"","platform":"","search":{"scope":"squashed","unindexed-archives":false,"indexed-archives":true},"ignore":[{"vulnerability":"","include-aliases":false,"reason":"","namespace":"","fix-state":"","package":{"name":"kernel-headers","version":"","language":"","type":"rpm","location":"","upstream-name":"kernel"},"vex-status":"","vex-justification":"","match-type":"exact-indirect-match"},{"vulnerability":"","include-aliases":false,"reason":"","namespace":"","fix-state":"","package":{"name":"linux(-.*)?-headers-.*","version":"","language":"","type":"deb","location":"","upstream-name":"linux.*"},"vex-status":"","vex-justification":"","match-type":"exact-indirect-match"},{"vulnerability":"","include-aliases":false,"reason":"","namespace":"","fix-state":"","package":{"name":"linux-libc-dev","version":"","language":"","type":"deb","location":"","upstream-name":"linux"},"vex-status":"","vex-justification":"","match-type":"exact-indirect-match"}],"exclude":[],"externalSources":{"enable":false,"maven":{"searchUpstreamBySha1":true,"baseUrl":"https://search.maven.org/solrsearch/select","rateLimit":300000000}},"match":{"java":{"using-cpes":false},"jvm":{"using-cpes":true},"dotnet":{"using-cpes":false},"golang":{"using-cpes":false,"always-use-cpe-for-stdlib":true,"allow-main-module-pseudo-version-comparison":false},"javascript":{"using-cpes":false},"python":{"using-cpes":false},"ruby":{"using-cpes":false},"rust":{"using-cpes":false},"stock":{"using-cpes":true}},"fail-on-severity":"","registry":{"insecure-skip-tls-verify":false,"insecure-use-http":false,"auth":null,"ca-cert":""},"show-suppressed":false,"by-cve":false,"SortBy":{"sort-by":"risk"},"name":"","default-image-pull-source":"","vex-documents":[],"vex-add":[],"match-upstream-kernel-headers":false,"fix-channel":{"redhat-eus":{"apply":"auto","versions":">= 8.0"}},"timestamp":true,"db":{"cache-dir":"/.cache/grype/db","update-url":"https://grype.anchore.io/databases","ca-cert":"","auto-update":true,"validate-by-hash-on-start":true,"validate-age":true,"max-allowed-built-age":432000000000000,"require-update-check":false,"update-available-timeout":30000000000,"update-download-timeout":300000000000,"max-update-check-frequency":7200000000000},"exp":{},"dev":{"db":{"debug":false}}},"db":{"status":{"schemaVersion":"v6.1.3","from":"https://grype.anchore.io/databases/v6/vulnerability-db_v6.1.3_2025-10-22T01:30:34Z_1761113252.tar.zst?checksum=sha256%3A42697bda0758311271dc1cb1eb25347397d1d8181d0b2b2a6abb67e4050499f1","built":"2025-10-22T06:07:32Z","path":"/.cache/grype/db/6/vulnerability.db","valid":true},"providers":{"alpine":{"captured":"2025-10-22T01:30:34Z","input":"xxh64:276b4c07391d9387"},"amazon":{"captured":"2025-10-22T01:30:49Z","input":"xxh64:21f749dfc62c3815"},"bitnami":{"captured":"2025-10-22T01:30:35Z","input":"xxh64:9e1a496b070b7fb2"},"chainguard":{"captured":"2025-10-22T01:30:44Z","input":"xxh64:8983567bbd371e91"},"chainguard-libraries":{"captured":"2025-10-22T01:30:34Z","input":"xxh64:e3d8e8a2a168be1f"},"debian":{"captured":"2025-10-22T01:30:42Z","input":"xxh64:49ed81722e021d96"},"echo":{"captured":"2025-10-22T01:30:39Z","input":"xxh64:298b42c9cf5db859"},"epss":{"captured":"2025-10-22T01:30:36Z","input":"xxh64:6bdc75825a028323"},"github":{"captured":"2025-10-22T01:30:38Z","input":"xxh64:81e49e5b946139fb"},"kev":{"captured":"2025-10-22T01:30:41Z","input":"xxh64:a33072985cf3bf88"},"mariner":{"captured":"2025-10-22T01:30:43Z","input":"xxh64:29661318ba5ff285"},"minimos":{"captured":"2025-10-22T01:30:41Z","input":"xxh64:ed638bf7e3c0f23c"},"nvd":{"captured":"2025-10-22T01:31:32Z","input":"xxh64:98abfd8fce02b134"},"oracle":{"captured":"2025-10-22T01:30:41Z","input":"xxh64:8dda2d3f21714414"},"rhel":{"captured":"2025-10-22T01:31:03Z","input":"xxh64:c751f48d3b3a1602"},"sles":{"captured":"2025-10-22T01:30:41Z","input":"xxh64:ab1c0daaec48bf8b"},"ubuntu":{"captured":"2025-10-22T01:31:39Z","input":"xxh64:b7c97ef5dcaa91b5"},"wolfi":{"captured":"2025-10-22T01:30:43Z","input":"xxh64:f962fe0d78489b19"}}},"timestamp":"2025-10-23T05:30:28.265956344Z"}}
