{
	"@programName": "ZAP",
	"@version": "2.16.1",
	"@generated": "Fri, 24 Oct 2025 10:44:43",
	"created": "2025-10-24T10:44:43.733013479Z",
	"site":[ 
		{
			"@name": "http://localhost:8080",
			"@host": "localhost",
			"@port": "8080",
			"@ssl": "false",
			"alerts": [ 
				{
					"pluginid": "10038",
					"alertRef": "10038-1",
					"alert": "Content Security Policy (CSP) Header Not Set",
					"name": "Content Security Policy (CSP) Header Not Set",
					"riskcode": "2",
					"confidence": "3",
					"riskdesc": "Medium (High)",
					"desc": "<p>Content Security Policy (CSP) is an added layer of security that helps to detect and mitigate certain types of attacks, including Cross Site Scripting (XSS) and data injection attacks. These attacks are used for everything from data theft to site defacement or distribution of malware. CSP provides a set of standard HTTP headers that allow website owners to declare approved sources of content that browsers should be allowed to load on that page \u2014 covered types are JavaScript, CSS, HTML frames, fonts, images and embeddable objects such as Java applets, ActiveX, audio and video files.</p>",
					"instances":[ 
						{
							"id": "2",
							"uri": "http://localhost:8080",
							"method": "GET",
							"param": "",
							"attack": "",
							"evidence": "",
							"otherinfo": ""
						},
						{
							"id": "38",
							"uri": "http://localhost:8080/?q=ZAP",
							"method": "GET",
							"param": "",
							"attack": "",
							"evidence": "",
							"otherinfo": ""
						},
						{
							"id": "26",
							"uri": "http://localhost:8080/echo?x",
							"method": "GET",
							"param": "",
							"attack": "",
							"evidence": "",
							"otherinfo": ""
						},
						{
							"id": "19",
							"uri": "http://localhost:8080/echo?x=%3Cscript%3Ealert(1)%3C/script%3E",
							"method": "GET",
							"param": "",
							"attack": "",
							"evidence": "",
							"otherinfo": ""
						}
					],
					"count": "4",
					"solution": "<p>Ensure that your web server, application server, load balancer, etc. is configured to set the Content-Security-Policy header.</p>",
					"otherinfo": "",
					"reference": "<p>https://developer.mozilla.org/en-US/docs/Web/HTTP/Guides/CSP</p><p>https://cheatsheetseries.owasp.org/cheatsheets/Content_Security_Policy_Cheat_Sheet.html</p><p>https://www.w3.org/TR/CSP/</p><p>https://w3c.github.io/webappsec-csp/</p><p>https://web.dev/articles/csp</p><p>https://caniuse.com/#feat=contentsecuritypolicy</p><p>https://content-security-policy.com/</p>",
					"cweid": "693",
					"wascid": "15",
					"sourceid": "1"
				},
				{
					"pluginid": "10020",
					"alertRef": "10020-1",
					"alert": "Missing Anti-clickjacking Header",
					"name": "Missing Anti-clickjacking Header",
					"riskcode": "2",
					"confidence": "2",
					"riskdesc": "Medium (Medium)",
					"desc": "<p>The response does not protect against 'ClickJacking' attacks. It should include either Content-Security-Policy with 'frame-ancestors' directive or X-Frame-Options.</p>",
					"instances":[ 
						{
							"id": "0",
							"uri": "http://localhost:8080",
							"method": "GET",
							"param": "x-frame-options",
							"attack": "",
							"evidence": "",
							"otherinfo": ""
						},
						{
							"id": "28",
							"uri": "http://localhost:8080/?q=ZAP",
							"method": "GET",
							"param": "x-frame-options",
							"attack": "",
							"evidence": "",
							"otherinfo": ""
						},
						{
							"id": "23",
							"uri": "http://localhost:8080/echo?x",
							"method": "GET",
							"param": "x-frame-options",
							"attack": "",
							"evidence": "",
							"otherinfo": ""
						},
						{
							"id": "11",
							"uri": "http://localhost:8080/echo?x=%3Cscript%3Ealert(1)%3C/script%3E",
							"method": "GET",
							"param": "x-frame-options",
							"attack": "",
							"evidence": "",
							"otherinfo": ""
						}
					],
					"count": "4",
					"solution": "<p>Modern Web browsers support the Content-Security-Policy and X-Frame-Options HTTP headers. Ensure one of them is set on all web pages returned by your site/app.</p><p>If you expect the page to be framed only by pages on your server (e.g. it's part of a FRAMESET) then you'll want to use SAMEORIGIN, otherwise if you never expect the page to be framed, you should use DENY. Alternatively consider implementing Content Security Policy's \"frame-ancestors\" directive.</p>",
					"otherinfo": "",
					"reference": "<p>https://developer.mozilla.org/en-US/docs/Web/HTTP/Reference/Headers/X-Frame-Options</p>",
					"cweid": "1021",
					"wascid": "15",
					"sourceid": "8"
				},
				{
					"pluginid": "90004",
					"alertRef": "90004-1",
					"alert": "Insufficient Site Isolation Against Spectre Vulnerability",
					"name": "Insufficient Site Isolation Against Spectre Vulnerability",
					"riskcode": "1",
					"confidence": "2",
					"riskdesc": "Low (Medium)",
					"desc": "<p>Cross-Origin-Resource-Policy header is an opt-in header designed to counter side-channels attacks like Spectre. Resource should be specifically set as shareable amongst different origins.</p>",
					"instances":[ 
						{
							"id": "15",
							"uri": "http://localhost:8080",
							"method": "GET",
							"param": "Cross-Origin-Resource-Policy",
							"attack": "",
							"evidence": "",
							"otherinfo": ""
						},
						{
							"id": "36",
							"uri": "http://localhost:8080/echo?x",
							"method": "GET",
							"param": "Cross-Origin-Resource-Policy",
							"attack": "",
							"evidence": "",
							"otherinfo": ""
						},
						{
							"id": "31",
							"uri": "http://localhost:8080/echo?x=%3Cscript%3Ealert(1)%3C/script%3E",
							"method": "GET",
							"param": "Cross-Origin-Resource-Policy",
							"attack": "",
							"evidence": "",
							"otherinfo": ""
						},
						{
							"id": "21",
							"uri": "http://localhost:8080/healthz",
							"method": "GET",
							"param": "Cross-Origin-Resource-Policy",
							"attack": "",
							"evidence": "",
							"otherinfo": ""
						},
						{
							"id": "17",
							"uri": "http://localhost:8080",
							"method": "GET",
							"param": "Cross-Origin-Embedder-Policy",
							"attack": "",
							"evidence": "",
							"otherinfo": ""
						},
						{
							"id": "39",
							"uri": "http://localhost:8080/echo?x",
							"method": "GET",
							"param": "Cross-Origin-Embedder-Policy",
							"attack": "",
							"evidence": "",
							"otherinfo": ""
						},
						{
							"id": "35",
							"uri": "http://localhost:8080/echo?x=%3Cscript%3Ealert(1)%3C/script%3E",
							"method": "GET",
							"param": "Cross-Origin-Embedder-Policy",
							"attack": "",
							"evidence": "",
							"otherinfo": ""
						},
						{
							"id": "18",
							"uri": "http://localhost:8080",
							"method": "GET",
							"param": "Cross-Origin-Opener-Policy",
							"attack": "",
							"evidence": "",
							"otherinfo": ""
						},
						{
							"id": "40",
							"uri": "http://localhost:8080/echo?x",
							"method": "GET",
							"param": "Cross-Origin-Opener-Policy",
							"attack": "",
							"evidence": "",
							"otherinfo": ""
						},
						{
							"id": "37",
							"uri": "http://localhost:8080/echo?x=%3Cscript%3Ealert(1)%3C/script%3E",
							"method": "GET",
							"param": "Cross-Origin-Opener-Policy",
							"attack": "",
							"evidence": "",
							"otherinfo": ""
						}
					],
					"count": "10",
					"solution": "<p>Ensure that the application/web server sets the Cross-Origin-Resource-Policy header appropriately, and that it sets the Cross-Origin-Resource-Policy header to 'same-origin' for all web pages.</p><p>'same-site' is considered as less secured and should be avoided.</p><p>If resources must be shared, set the header to 'cross-origin'.</p><p>If possible, ensure that the end user uses a standards-compliant and modern web browser that supports the Cross-Origin-Resource-Policy header (https://caniuse.com/mdn-http_headers_cross-origin-resource-policy).</p>",
					"otherinfo": "",
					"reference": "<p>https://developer.mozilla.org/en-US/docs/Web/HTTP/Reference/Headers/Cross-Origin-Embedder-Policy</p>",
					"cweid": "693",
					"wascid": "14",
					"sourceid": "8"
				},
				{
					"pluginid": "10063",
					"alertRef": "10063-1",
					"alert": "Permissions Policy Header Not Set",
					"name": "Permissions Policy Header Not Set",
					"riskcode": "1",
					"confidence": "2",
					"riskdesc": "Low (Medium)",
					"desc": "<p>Permissions Policy Header is an added layer of security that helps to restrict from unauthorized access or usage of browser/client features by web resources. This policy ensures the user privacy by limiting or specifying the features of the browsers can be used by the web resources. Permissions Policy provides a set of standard HTTP headers that allow website owners to limit which features of browsers can be used by the page such as camera, microphone, location, full screen etc.</p>",
					"instances":[ 
						{
							"id": "13",
							"uri": "http://localhost:8080",
							"method": "GET",
							"param": "",
							"attack": "",
							"evidence": "",
							"otherinfo": ""
						},
						{
							"id": "44",
							"uri": "http://localhost:8080/?q=ZAP",
							"method": "GET",
							"param": "",
							"attack": "",
							"evidence": "",
							"otherinfo": ""
						},
						{
							"id": "34",
							"uri": "http://localhost:8080/echo?x",
							"method": "GET",
							"param": "",
							"attack": "",
							"evidence": "",
							"otherinfo": ""
						},
						{
							"id": "30",
							"uri": "http://localhost:8080/echo?x=%3Cscript%3Ealert(1)%3C/script%3E",
							"method": "GET",
							"param": "",
							"attack": "",
							"evidence": "",
							"otherinfo": ""
						}
					],
					"count": "4",
					"solution": "<p>Ensure that your web server, application server, load balancer, etc. is configured to set the Permissions-Policy header.</p>",
					"otherinfo": "",
					"reference": "<p>https://developer.mozilla.org/en-US/docs/Web/HTTP/Reference/Headers/Permissions-Policy</p><p>https://developer.chrome.com/blog/feature-policy/</p><p>https://scotthelme.co.uk/a-new-security-header-feature-policy/</p><p>https://w3c.github.io/webappsec-feature-policy/</p><p>https://www.smashingmagazine.com/2018/12/feature-policy/</p>",
					"cweid": "693",
					"wascid": "15",
					"sourceid": "8"
				},
				{
					"pluginid": "10021",
					"alertRef": "10021",
					"alert": "X-Content-Type-Options Header Missing",
					"name": "X-Content-Type-Options Header Missing",
					"riskcode": "1",
					"confidence": "2",
					"riskdesc": "Low (Medium)",
					"desc": "<p>The Anti-MIME-Sniffing header X-Content-Type-Options was not set to 'nosniff'. This allows older versions of Internet Explorer and Chrome to perform MIME-sniffing on the response body, potentially causing the response body to be interpreted and displayed as a content type other than the declared content type. Current (early 2014) and legacy versions of Firefox will use the declared content type (if one is set), rather than performing MIME-sniffing.</p>",
					"instances":[ 
						{
							"id": "4",
							"uri": "http://localhost:8080",
							"method": "GET",
							"param": "x-content-type-options",
							"attack": "",
							"evidence": "",
							"otherinfo": "This issue still applies to error type pages (401, 403, 500, etc.) as those pages are often still affected by injection issues, in which case there is still concern for browsers sniffing pages away from their actual content type.\nAt \"High\" threshold this scan rule will not alert on client or server error responses."
						},
						{
							"id": "42",
							"uri": "http://localhost:8080/?q=ZAP",
							"method": "GET",
							"param": "x-content-type-options",
							"attack": "",
							"evidence": "",
							"otherinfo": "This issue still applies to error type pages (401, 403, 500, etc.) as those pages are often still affected by injection issues, in which case there is still concern for browsers sniffing pages away from their actual content type.\nAt \"High\" threshold this scan rule will not alert on client or server error responses."
						},
						{
							"id": "32",
							"uri": "http://localhost:8080/echo?x",
							"method": "GET",
							"param": "x-content-type-options",
							"attack": "",
							"evidence": "",
							"otherinfo": "This issue still applies to error type pages (401, 403, 500, etc.) as those pages are often still affected by injection issues, in which case there is still concern for browsers sniffing pages away from their actual content type.\nAt \"High\" threshold this scan rule will not alert on client or server error responses."
						},
						{
							"id": "27",
							"uri": "http://localhost:8080/echo?x=%3Cscript%3Ealert(1)%3C/script%3E",
							"method": "GET",
							"param": "x-content-type-options",
							"attack": "",
							"evidence": "",
							"otherinfo": "This issue still applies to error type pages (401, 403, 500, etc.) as those pages are often still affected by injection issues, in which case there is still concern for browsers sniffing pages away from their actual content type.\nAt \"High\" threshold this scan rule will not alert on client or server error responses."
						},
						{
							"id": "10",
							"uri": "http://localhost:8080/healthz",
							"method": "GET",
							"param": "x-content-type-options",
							"attack": "",
							"evidence": "",
							"otherinfo": "This issue still applies to error type pages (401, 403, 500, etc.) as those pages are often still affected by injection issues, in which case there is still concern for browsers sniffing pages away from their actual content type.\nAt \"High\" threshold this scan rule will not alert on client or server error responses."
						}
					],
					"count": "5",
					"solution": "<p>Ensure that the application/web server sets the Content-Type header appropriately, and that it sets the X-Content-Type-Options header to 'nosniff' for all web pages.</p><p>If possible, ensure that the end user uses a standards-compliant and modern web browser that does not perform MIME-sniffing at all, or that can be directed by the web application/web server to not perform MIME-sniffing.</p>",
					"otherinfo": "<p>This issue still applies to error type pages (401, 403, 500, etc.) as those pages are often still affected by injection issues, in which case there is still concern for browsers sniffing pages away from their actual content type.</p><p>At \"High\" threshold this scan rule will not alert on client or server error responses.</p>",
					"reference": "<p>https://learn.microsoft.com/en-us/previous-versions/windows/internet-explorer/ie-developer/compatibility/gg622941(v=vs.85)</p><p>https://owasp.org/www-community/Security_Headers</p>",
					"cweid": "693",
					"wascid": "15",
					"sourceid": "1"
				},
				{
					"pluginid": "10109",
					"alertRef": "10109",
					"alert": "Modern Web Application",
					"name": "Modern Web Application",
					"riskcode": "0",
					"confidence": "2",
					"riskdesc": "Informational (Medium)",
					"desc": "<p>The application appears to be a modern web application. If you need to explore it automatically then the Ajax Spider may well be more effective than the standard one.</p>",
					"instances":[ 
						{
							"id": "24",
							"uri": "http://localhost:8080/echo?x=%3Cscript%3Ealert(1)%3C/script%3E",
							"method": "GET",
							"param": "",
							"attack": "",
							"evidence": "<script>alert(1)</script>",
							"otherinfo": "No links have been found while there are scripts, which is an indication that this is a modern web application."
						}
					],
					"count": "1",
					"solution": "<p>This is an informational alert and so no changes are required.</p>",
					"otherinfo": "<p>No links have been found while there are scripts, which is an indication that this is a modern web application.</p>",
					"reference": "",
					"cweid": "-1",
					"wascid": "-1",
					"sourceid": "12"
				},
				{
					"pluginid": "10049",
					"alertRef": "10049-3",
					"alert": "Storable and Cacheable Content",
					"name": "Storable and Cacheable Content",
					"riskcode": "0",
					"confidence": "2",
					"riskdesc": "Informational (Medium)",
					"desc": "<p>The response contents are storable by caching components such as proxy servers, and may be retrieved directly from the cache, rather than from the origin server by the caching servers, in response to similar requests from other users. If the response data is sensitive, personal or user-specific, this may result in sensitive information being leaked. In some cases, this may even result in a user gaining complete control of the session of another user, depending on the configuration of the caching components in use in their environment. This is primarily an issue where \"shared\" caching servers such as \"proxy\" caches are configured on the local network. This configuration is typically found in corporate or educational environments, for instance.</p>",
					"instances":[ 
						{
							"id": "8",
							"uri": "http://localhost:8080",
							"method": "GET",
							"param": "",
							"attack": "",
							"evidence": "",
							"otherinfo": "In the absence of an explicitly specified caching lifetime directive in the response, a liberal lifetime heuristic of 1 year was assumed. This is permitted by rfc7234."
						},
						{
							"id": "43",
							"uri": "http://localhost:8080/?q=ZAP",
							"method": "GET",
							"param": "",
							"attack": "",
							"evidence": "",
							"otherinfo": "In the absence of an explicitly specified caching lifetime directive in the response, a liberal lifetime heuristic of 1 year was assumed. This is permitted by rfc7234."
						},
						{
							"id": "33",
							"uri": "http://localhost:8080/echo?x",
							"method": "GET",
							"param": "",
							"attack": "",
							"evidence": "",
							"otherinfo": "In the absence of an explicitly specified caching lifetime directive in the response, a liberal lifetime heuristic of 1 year was assumed. This is permitted by rfc7234."
						},
						{
							"id": "29",
							"uri": "http://localhost:8080/echo?x=%3Cscript%3Ealert(1)%3C/script%3E",
							"method": "GET",
							"param": "",
							"attack": "",
							"evidence": "",
							"otherinfo": "In the absence of an explicitly specified caching lifetime directive in the response, a liberal lifetime heuristic of 1 year was assumed. This is permitted by rfc7234."
						},
						{
							"id": "14",
							"uri": "http://localhost:8080/healthz",
							"method": "GET",
							"param": "",
							"attack": "",
							"evidence": "",
							"otherinfo": "In the absence of an explicitly specified caching lifetime directive in the response, a liberal lifetime heuristic of 1 year was assumed. This is permitted by rfc7234."
						},
						{
							"id": "6",
							"uri": "http://localhost:8080/robots.txt",
							"method": "GET",
							"param": "",
							"attack": "",
							"evidence": "",
							"otherinfo": "In the absence of an explicitly specified caching lifetime directive in the response, a liberal lifetime heuristic of 1 year was assumed. This is permitted by rfc7234."
						},
						{
							"id": "25",
							"uri": "http://localhost:8080/script",
							"method": "GET",
							"param": "",
							"attack": "",
							"evidence": "",
							"otherinfo": "In the absence of an explicitly specified caching lifetime directive in the response, a liberal lifetime heuristic of 1 year was assumed. This is permitted by rfc7234."
						},
						{
							"id": "7",
							"uri": "http://localhost:8080/sitemap.xml",
							"method": "GET",
							"param": "",
							"attack": "",
							"evidence": "",
							"otherinfo": "In the absence of an explicitly specified caching lifetime directive in the response, a liberal lifetime heuristic of 1 year was assumed. This is permitted by rfc7234."
						}
					],
					"count": "8",
					"solution": "<p>Validate that the response does not contain sensitive, personal or user-specific information. If it does, consider the use of the following HTTP response headers, to limit, or prevent the content being stored and retrieved from the cache by another user:</p><p>Cache-Control: no-cache, no-store, must-revalidate, private</p><p>Pragma: no-cache</p><p>Expires: 0</p><p>This configuration directs both HTTP 1.0 and HTTP 1.1 compliant caching servers to not store the response, and to not retrieve the response (without validation) from the cache, in response to a similar request.</p>",
					"otherinfo": "<p>In the absence of an explicitly specified caching lifetime directive in the response, a liberal lifetime heuristic of 1 year was assumed. This is permitted by rfc7234.</p>",
					"reference": "<p>https://datatracker.ietf.org/doc/html/rfc7234</p><p>https://datatracker.ietf.org/doc/html/rfc7231</p><p>https://www.w3.org/Protocols/rfc2616/rfc2616-sec13.html</p>",
					"cweid": "524",
					"wascid": "13",
					"sourceid": "1"
				},
				{
					"pluginid": "10031",
					"alertRef": "10031",
					"alert": "User Controllable HTML Element Attribute (Potential XSS)",
					"name": "User Controllable HTML Element Attribute (Potential XSS)",
					"riskcode": "0",
					"confidence": "1",
					"riskdesc": "Informational (Low)",
					"desc": "<p>This check looks at user-supplied input in query string parameters and POST data to identify where certain HTML attribute values might be controlled. This provides hot-spot detection for XSS (cross-site scripting) that will require further review by a security analyst to determine exploitability.</p>",
					"instances":[ 
						{
							"id": "41",
							"uri": "http://localhost:8080/?q=ZAP",
							"method": "GET",
							"param": "q",
							"attack": "",
							"evidence": "",
							"otherinfo": "User-controlled HTML attribute values were found. Try injecting special characters to see if XSS might be possible. The page at the following URL:\n\nhttp://localhost:8080/?q=ZAP\n\nappears to include user input in:\na(n) [input] tag [value] attribute\n\nThe user input found was:\nq=ZAP\n\nThe user-controlled value was:\nzap"
						}
					],
					"count": "1",
					"solution": "<p>Validate all input and sanitize output it before writing to any HTML attributes.</p>",
					"otherinfo": "<p>User-controlled HTML attribute values were found. Try injecting special characters to see if XSS might be possible. The page at the following URL:</p><p></p><p>http://localhost:8080/?q=ZAP</p><p></p><p>appears to include user input in:</p><p>a(n) [input] tag [value] attribute</p><p></p><p>The user input found was:</p><p>q=ZAP</p><p></p><p>The user-controlled value was:</p><p>zap</p>",
					"reference": "<p>https://cheatsheetseries.owasp.org/cheatsheets/Input_Validation_Cheat_Sheet.html</p>",
					"cweid": "20",
					"wascid": "20",
					"sourceid": "18"
				}
			]
		}
	],
	"sequences":[
	]

}
