{
  "Status": "healthy",
  "FailingStreak": 0,
  "Log": [
    {
      "Start": "2025-10-24T16:58:49.683395304Z",
      "End": "2025-10-24T16:58:49.786567294Z",
      "ExitCode": 0,
      "Output": ""
    },
    {
      "Start": "2025-10-24T16:58:59.786952298Z",
      "End": "2025-10-24T16:58:59.895518735Z",
      "ExitCode": 0,
      "Output": ""
    },
    {
      "Start": "2025-10-24T16:59:09.895852788Z",
      "End": "2025-10-24T16:59:09.989104094Z",
      "ExitCode": 0,
      "Output": ""
    },
    {
      "Start": "2025-10-24T16:59:19.990376988Z",
      "End": "2025-10-24T16:59:20.080903247Z",
      "ExitCode": 0,
      "Output": ""
    }
  ]
}
